{
  "name": "Remove Engine",
  "title": "Remove Engine",
  "tagid": "remove-engine-ui-app",
  "tag_line": "Semi-transparent button that empties engines instantly.",
  "description": "Minimal BeamNG UI tile that instantly swaps the focused vehicle's engine slot to BeamNG's Empty state so you can stay in the scenario flow.",
  "author": "Khodar",
  "username": "Khodar",
  "user_id": 0,
  "version": "1.0.0",
  "version_string": "1.0.0",
  "type": "ui",
  "releaseDate": "2026-01-27",
  "last_update": 1769522400,
  "resource_date": 1769522400,
  "resource_id": 0,
  "current_version_id": 1,
  "resource_version_id": 1,
  "download_count": 0,
  "review_count": 0,
  "rating_avg": 0,
  "rating_sum": 0,
  "rating_count": 0,
  "resource_category_id": 10,
  "category_title": "User Interface Apps",
  "update_count": 0,
  "prefix_title": "Release",
  "via": "packed locally",
  "path": "REMOVEENGINE/1.0.0/",
  "filename": "RemoveEngine.zip",
  "preview": "mod_info/REMOVEENGINE/images/remove-engine-preview.png",
  "attachments": [
    {
      "data_filename": "remove-engine-preview.png",
      "original_filename": "app.png",
      "thumb_filename": "thumbs/remove-engine-preview.png"
    }
  ],
  "message": "[CENTER][SIZE=5][B]Skip the parts menu. Stay on the hill.[/B][/SIZE][/CENTER]\n\n[FONT=Verdana][SIZE=4]Remove Engine replaces the usual parts-configurator detour with a single frosted CTA. Tap it and the focused vehicle's engine slot is immediately set to BeamNG's Empty state—even on Automation cars and mods that never shipped an explicit empty part.[/SIZE][/FONT]\n\n[CENTER][U]Highlights[/U][/CENTER]\n[LIST]\n[*]Always-on dashboard button that reflects when an engine can be removed\n[*]Compatible with stock, Automation, and modded vehicles thanks to user-empty support\n[*]Perfect for downhill soapbox runs, towing scenarios, cinematic shoots, and challenge retries\n[/LIST]\n\n[FONT=Verdana]Zip includes both the AngularJS UI app and the Lua helper (`extensions.core_RemoveEngine`).[/FONT]",
  "dependencies": []
}
